line,station,machine,inout,num,dnum,floor,location
1,동대문,E/L,내부,1,0000-906,B2(승)~B1(대),상행 10-4
1,동대문,E/L,내부,2,0000-907,B2(승)~B1(대),하행 2-1
1,동대문,E/L,외부,1,0000-905,B1(대)~지상,6번 출구측
1,동묘앞,E/L,내부,1,0000-946,B1(승)~4F(건),본관건물(상)6-2
1,동묘앞,E/L,내부,2,0000-943,B2~BM2~B1(승),상행 10-3
1,동묘앞,E/L,내부,3,0000-947,B2(환)~B1(승),상행 4-8
1,동묘앞,E/L,내부,4,0000-948,B2~B1(승),하행 7-3
1,동묘앞,E/L,내부,5,0000-944,B2(환)~B1(승),하행 1-2
1,동묘앞,E/L,외부,1,0000-945,B1(승)~BM1~지상,1-10번 출구 사이
1,동묘앞,E/L,외부,2,0000-960,B1(승)~지상,3번 출구측
1,서울,E/L,내부,1,0074-205,B2(승)~B1(대),섬식(상) 5-1
1,서울,E/L,외부,1,0104-656,B1(대)~지상,2번 출구측
1,서울,E/L,외부,2,0105-867,B1(대)~지상,4번 출구측
1,서울,E/L,외부,3,0073-979,B1(대)~지상,3번 출구측
1,서울,W/L,내부,1,1902-362,B2(승)~B1(대),내부 C 계단
1,시청,E/L,내부,1,0002-888,B2(승)~B1(대),상행 3-2
1,시청,E/L,내부,2,0002-887,B2(승)~B1(대),하행 8-3
1,시청,E/L,외부,1,0002-889,B1(대)~지상,1-2번 출구사이
1,신설동,E/L,내부,1,0083-762,B2(승)~B1(대),상행 3-4
1,신설동,E/L,내부,2,0083-764,B2(승)~B1(대),하행 8-1
1,신설동,E/L,외부,1,0003-532,B1(대)~지상,1번 출구측
1,신설동,E/L,외부,2,0083-761,B1(대)~지상,"2,3번 출구사이"
1,신설동,E/L,외부,3,0083-763,B1(대)~지상,"4,5번 출구사이"
1,신설동,W/L,외부,1,1903-467, 지상~B1(대),6번 출입구
1,신설동,W/L,내부,1,1903-415, B2(승)~B1(대),상선승강장 시점측
1,신설동,W/L,내부,2,1903-417, B2(승)~B1(대),하선승강장 시점측
1,신설동,W/L,내부,3,1903-416, B1(대)~B1(대),대합실 연결통로
1,신설동,W/L,내부,4,1903-414, B1(대)~B1(대),대합실 연결통로
1,제기동,E/L,내부,1,0043-600,B2(승)~B1(대),상행 9-4
1,제기동,E/L,내부,2,0027-701,B2(승)~B1(대),하행 2-1
1,제기동,E/L,외부,1,0093-165,B1(대)~지상,1번 출구측
1,종각,E/L,내부,1,0000-506,B2(승)~B1(대),상행 6-4
1,종각,E/L,내부,2,0000-507,B2(승)~B1(대),하행 4-4
1,종각,E/L,외부,1,0000-508,B1(대)~지상,3번 출구측
1,종각,E/L,외부,2,0113-945,B1(대)~지상,1번 출구측
1,종로3가,E/L,내부,1,0000-512,B2(승)~B1(대),상행 4-4
1,종로3가,E/L,내부,2,0000-513,B2(승)~B1(대),하행 6-4
1,종로3가,E/L,외부,1,0073-426,B1(대)~지상,12-13번 출구측
1,종로5가,E/L,내부,1,0000-533,B2(승)~B1(대),상행 8-3
1,종로5가,E/L,내부,2,0000-534,B2(승)~B1(대),하행 3-2
1,종로5가,E/L,외부,1,0000-535,B1(대)~지상,8-9번 출구측
1,청량리,E/L,외부,1,0027-702,B2(대)~지상,6번 출구측
1,청량리,W/L,내부,1,1903-411, B2(대)~B1(승),제기동측 승강장
1,청량리,W/L,내부,2,1901-053,B2(대)~B1(승),섬식(상)8-2
2,강남,E/L,내부,1,0087-544,B2(승)~B1(대),외선 8-1
2,강남,E/L,내부,2,0087-545,B2(승)~B1(대),내선 3-4
2,강남,E/L,외부,1,0087-546,B1(상가)~지상,1번 출구측
2,강남,E/L,외부,2,0087-547,B1(상가)~지상,10번 출구측
2,강변,E/L,내부,1,0093-166,F1(대)~F2(승),외선 4-2
2,강변,E/L,내부,2,0093-167,F1(대)~F2(승),내선 7-3
2,건대입구,E/L,내부,1,0108-564,2(대)~3(승),섬식(외)5-4
2,건대입구,E/L,외부,1,0095-448,지상~F2(대)~F3(승),7-3 ~6번 출구측
2,교대,E/L,내부,1,0008-151,B2(승)~B1(대),외선 8-4
2,교대,E/L,내부,2,0008-152,B2(승)~B1(대),내선 3-1
2,교대,E/L,외부,1,0046-583,B1(대)~지상,5번 출구측
2,구로디지털단지,E/L,내부,1,0019-757,지상~F2(대),외선 3-4
2,구로디지털단지,E/L,내부,2,0019-758,F2(대)~F3(승),내선 7-4
2,구로디지털단지,E/L,외부,1,0019-756,F2(대)~F3(승),6번출구
2,구의,E/L,내부,1,0028-196,F2(대)~F3(승),섬식(외)4-3
2,구의,E/L,외부,1,0028-197,지상~F2(대)~F3(승),7-2 ~ 2번 출구측
2,낙성대,E/L,내부,1,0020-064,B2(승)~B1(대),외선 8-2
2,낙성대,E/L,내부,2,0020-065,B2(승)~B1(대),내선 3-3
2,낙성대,E/L,외부,1,0020-066,B1(대)~지상,6번 출구측
2,당산,E/L,내부,1,0020-068,F2(대)~F3(승),외선 8-3
2,당산,E/L,내부,2,0020-069,F2(대)~F3(승),내선 3-2
2,당산,E/L,외부,1,0020-067,지상~F2(대),4번 출구측
2,대림,E/L,외부,1,0107-009,지상~F2(대),7번 출구측(육교)
2,대림,E/L,외부,2,0060-929,지상~F2(대),4번 출구측(육교)
2,대림,E/L,내부,1,0060-928,F2(대)~F3(승),외선 3-2
2,대림,E/L,내부,2,0060-927,F2(대)~F3(승),내선 8-3
2,도림천,E/L,내부,1,0022-597,B3(승)~B2(대),섬식(지) 4-4
2,도림천,E/L,외부,1,0022-596,B3(승)~B2(대)~B1(대),1~2번 출구사이
2,동대문역사문화공원,E/L,내부,2,0003-055,B2(승)~B1(대),외선 8-3
2,동대문역사문화공원,E/L,내부,3,0003-056,B2(승)~B1(대),내선 3-2
2,동대문역사문화공원,E/L,외부,2,0039-324,B1(대)~지상,1번 출구측
2,뚝섬,E/L,내부,1,0003-051,F2(대)~F3(승),외선 7-1
2,뚝섬,E/L,내부,2,0003-050,F2(대)~F3(승),내선 7-1
2,뚝섬,E/L,외부,1,0003-049,지상~F2(대),3번 출구측
2,뚝섬,E/L,외부,2,0131-787,지상~F2(대),6번출구
2,문래,E/L,내부,1,0021-258,B2(승)~B1(대),외선 7-4
2,문래,E/L,내부,2,0021-259,B2(승)~B1(대),내선 4-1
2,문래,E/L,외부,1,0107-085,B1(대)~지상,5번 출구
2,문래,E/L,외부,2,0133-667,B1(대)~지상,1번출구
2,방배,E/L,내부,1,0008-947,B2(승)~B1(대),외선 8-3
2,방배,E/L,내부,2,0008-948,B2(승)~B1(대),내선 3-1
2,방배,E/L,외부,1,0046-582,B1(대)~지상,3번 출구측
2,봉천,E/L,내부,1,0060-936,B2(승)~B1(대),섬식(외)6-3
2,봉천,E/L,외부,1,0060-937,B1(대)~지상,4번 출구측
2,사당,E/L,내부,1,0091-437,B2(승)~B1(대),섬식(외)4-4
2,사당,E/L,외부,1,0091-438,B1(대)~지상,14번 출구측
2,사당,E/L,외부,2,0098-381,B1(대)~지상,6번 출구측
2,삼성,E/L,내부,1,0007-844,B2(승)~B1(대),섬식(외) 3-1
2,삼성,E/L,외부,1,0007-843,B1(대)~지상,1번 출구측
2,삼성,E/L,외부,2,0014-060,B1(대)~지상,6번 출구측
2,삼성,E/L,외부,3,0075-477,B1(대)~지상,8번 출구측
2,삼성,E/L,외부,4,0105-289,B1(대)~지상,4번 출구측
2,삼성,W/L,내부,1,1901-463, B1(대)⇔B1(대), 코액스측 연결계단
2,상왕십리,E/L,내부,1,0042-156,B2(승)~B1(대),외선 8-1
2,상왕십리,E/L,내부,2,0042-157,B2(승)~B1(대),내선 3-4
2,상왕십리,E/L,외부,1,0117-183,B1(대)~지상,2-3출구 사이
2,서울대입구,E/L,내부,1,0020-839,B2(승)~B1(대),섬식(외)6-3
2,서울대입구,E/L,외부,1,0110-204,B1(대)~지상,6번 출구측
2,서울대입구,E/L,외부,2,0114-806,B1(대)~지상,2번 출구측
2,서초,E/L,내부,1,0008-943,B2(승)~B1(대),외선 2-4
2,서초,E/L,내부,2,0008-944,B2(승)~B1(대),내선 9-1
2,서초,E/L,외부,1,0075-478,B1(대)~지상,1번 출구측
2,서초,E/L,외부,2,0072-667,B1(대)~지상, 4번출구 
2,선릉,E/L,외부,1,0066-856,B1(대)~지상,1번 출구측
2,선릉,E/L,외부,2,0105-099,B1(대)~지상,5번 출구측
2,선릉,E/L,외부,3,0072-904,B1(대)~지상,10번 출구측
2,성수,E/L,내부,1,0074-865,F2(대)~F3(승),외선 7-1
2,성수,E/L,내부,2,0074-866,F2(대)~F3(승),내선 4-4
2,성수,E/L,외부,1,0039-325,지상~F1(대),1번 출구측
2,성수,E/L,외부,2,0039-327,지상~F1(대),4번 출구측
2,시청,E/L,내부,1,0042-520,B3(승)~B2대)~B1(대),섬식(외) 6-2
2,시청,E/L,외부,1,0002-886,B1(대)~지상,9번 출구측
2,신답,E/L,내부,1,0039-326,F1(승)~F2(대),외선 2-4
2,신답,E/L,내부,2,0104-461,F1(승)~F2(대),내선 3-2
2,신당,E/L,외부,1,0004-367,B1(대)~지상,2번 출구측
2,신당,E/L,내부,1,0103-796,B2(승)~B1(대),외선 3-4
2,신당,E/L,내부,2,0103-797,B2(승)~B1(대),내선 7-4
2,신대방,E/L,내부,1,0020-955,F2(대)~F3(승),외선 3-4
2,신대방,E/L,내부,2,0020-956,F2(대)~F3(승),내선 8-1
2,신대방,E/L,외부,1,0020-957,지상~F2(대),1번 출구측
2,신도림,E/L,내부,1,0085-969,B2(승)~B1(대),섬식 3-2
2,신도림,E/L,내부,2,0098-197,B2(승)~B1(대),섬식 4-4
2,신도림,E/L,외부,1,0109-522,B1(대)~F1~F2,1번 출입구
2,신도림,E/L,외부,2,0098-196,B1(대)~지상,2번 출구측
2,신림,E/L,내부,1,0019-759,B2(승)~B1(대),섬식(외) 4-4
2,신림,E/L,외부,1,0019-760,B1(대)~지상,1번 출구측
2,신림,E/L,외부,2,0092-886,B1(대)~지상,5번 출구측
2,신설동,E/L,내부,1,0027-703,B2(승)~B1(대),섬식(외) 4-3
2,신설동,E/L,외부,1,0044-516,B1(대)~지상,9번 출구측
2,신설동,W/L,외부,1,1903-465,B1(대)⇔지상,10번 입출구
2,신설동,W/L,내부,1,1903-461, B2(승)⇔B1(대),외선승강장 시점측(상선)
2,신설동,W/L,내부,2,1903-462, B2(승)⇔B1(대),내선승강장 시점측(하선)
2,신설동,W/L,내부,3,1903-418, B2(승)⇔B1(대),용두방향 승강장
2,신설동,W/L,내부,4,1903-463, B1(대)⇔B1(대),환승통로 2호선측
2,신설동,W/L,내부,5,1903-464, B1(대)⇔B1(대),환승통로 1호선측
2,신정네거리,E/L,내부,1,0060-930,B3(승)~B2(대),외선 4-1
2,신정네거리,E/L,내부,2,0060-931,B3(승)~B2(대),내선 3-4
2,신정네거리,E/L,외부,1,0060-932,B2(대)~지상,2번 ~3번출구측
2,신정네거리,W/L,내부,1,1902-885, B2(대)⇔B3(대),2번 계단
2,신촌,E/L,내부,1,0102-373,B2(승)~B1(대),외선 8-4
2,신촌,E/L,내부,2,0102-374,B2(승)~B1(대),내선 4-4
2,신촌,E/L,외부,1,0039-954,B1(대)~지상,4번 출구측
2,신촌,E/L,외부,2,0127-889,B1(대)~지상,6번출구
2,아현,E/L,내부,1,0102-369,B2(승)~B1(대),외선 7-2
2,아현,E/L,내부,2,0102-370,B2(승)~B1(대),내선 4-3
2,아현,E/L,외부,1,0042-109,B1(대)~지상,3번 출구측
2,아현,E/L,외부,2,0129-011,B1(대)~지상,1번 출구측
2,양천구청,E/L,내부,1,0020-959,B2(승)~B1(대),외선 4-1
2,양천구청,E/L,내부,2,0020-960,B2(승)~B1(대),내선 3-3
2,양천구청,E/L,외부,1,0020-958,B1(대)~지상,1번 출구측
2,역삼,E/L,내부,1,0075-561,B2(승)~B1(대),외선 7-3
2,역삼,E/L,내부,2,0075-562,B2(승)~B1(대),내선 4-1
2,역삼,E/L,외부,1,0065-638,B1(대)~지상,3번 출구측
2,역삼,E/L,외부,2,0075-563,B1(대)~지상,4번 출구측
2,영등포구청,E/L,내부,1,0021-255,B2(승)~B1(대),외선 8-4
2,영등포구청,E/L,내부,2,0021-256,B2(승)~B1(대),내선 3-1
2,영등포구청,E/L,외부,1,0021-254,B1(대)~지상,2번 출구측
2,왕십리,E/L,내부,1,0003-466,B3(승)~B2(대),외선 3-2
2,왕십리,E/L,내부,2,0068-689,B3(승)~B2(대),내선 3-4
2,용답,W/L,내부,1,1900-276,F1(대)⇔F2(승),성수측 승강장
2,용답,W/L,내부,2,1900-168,F1(대)~F2(승),섬식(상) 1-4
2,용두,E/L,내부,1,0054-021,B2(승)~B1(대),외선 1-1
2,용두,E/L,내부,2,0054-022,B2(승)~B1(대),내선 4-3
2,용두,E/L,외부,1,0054-023,B1(대)~지상,3번 출구측
2,용두,E/L,외부,2,0054-024,B1(대)~지상,4번 출구측
2,을지로3가,E/L,내부,1,0042-132,B2(승)~B1(대),외선 8-3
2,을지로3가,E/L,내부,2,0042-133,B2(승)~B1(대),내선 3-2
2,을지로4가,E/L,내부,1,0042-130,B2(승)~B1(대),외선 3-2
2,을지로4가,E/L,내부,2,0042-131,B2(승)~B1(대),내선 8-3
2,을지로4가,E/L,외부,1,0102-390,B1(대)~지상,8번출구
2,을지로입구,E/L,내부,1,0003-059,B2(승)~B1(대),외선 5-3
2,을지로입구,E/L,내부,2,0003-058,B2(승)~B1(대),내선 6-2
2,을지로입구,E/L,외부,1,0124-101,B1(대)~지상,1번출구측
2,을지로입구,E/L,외부,2,0104-712,B1(대)~지상,5번 출구측
2,이대,E/L,내부,1,0102-372,B2(승)~B1(대),섬식(외) 2-2
2,이대,E/L,외부,1,0042-093,B1(대)~지상,6번 출구측
2,이대,E/L,외부,2,0152-647,B1(대)-F1(지상),2번 출구
2,잠실,E/L,내부,1,0007-841,B2(승)~B1(대),외선 5-2
2,잠실,E/L,내부,2,0007-842,B2(승)~B1(대),내선 6-3
2,잠실,E/L,외부,1,0065-637,B1(상가)~지상,6번 출구측
2,잠실,E/L,외부,2,0089-517,B1(대)~지상,"1,2번출구측"
2,잠실,W/L,내부,1,1901-593, B1(대)⇔B1(대),상가측 연결계단
2,잠실나루,E/L,내부,1,0012-789,F1(대)~F2(승),외선 3-4
2,잠실나루,E/L,내부,2,0012-790,F1(대)~F2(승),내선 8-1
2,잠실새내,E/L,내부,1,0008-945,B2(승)~B1(대),외선 7-3
2,잠실새내,E/L,내부,2,0008-946,B2(승)~B1(대),내선 4-1
2,잠실새내,E/L,외부,1,0075-476,B1(대)~지상,7번 출구측
2,잠실새내,E/L,외부,2,0008-670,B1(대)~지상,2번 출구측
2,종합운동장,E/L,내부,1,0008-146,B2(승)~B1(대),외선 2-4
2,종합운동장,E/L,내부,2,0008-147,B2(승)~B1(대),내선 8-4
2,종합운동장,E/L,외부,1,0008-148,B1(대)~지상,6번 출구측
2,충정로,E/L,내부,1,0039-953,B3(승)~B2(대),섬식(외) 2-1
2,충정로,E/L,외부,1,0105-868,B2(대)~지상,5번 출구측
2,한양대,E/L,내부,1,0042-129,F1(승)~F2(대),섬식(외) 3-3
2,한양대,E/L,외부,1,0042-128,지상~F2(대),4번 출구(육교)
2,한양대,W/L,내부,1,1900-169,F1(승)~F2(대),섬식(외) 8-2
2,합정,E/L,내부,1,0073-427,B2(승)~B1(대),외선 4-1
2,합정,E/L,내부,2,0042-092,B2(승)~B1(대),내선 7-3
2,합정,E/L,외부,1,0103-758,B1(대)~지상,1번 출구측
2,합정,E/L,외부,2,0073-978,B1(대)~지상,4번 출구측
2,홍대입구,E/L,내부,1,0102-349,B2(승)~B1(대),섬식(외)7-2
2,홍대입구,E/L,외부,1,0102-350,B1(대)~지상,8번 출구측
3,가락시장,E/L,내부,1,0100-025,B4(승)~B2(대),상행 8-2
3,가락시장,E/L,내부,2,0100-026,B4(승)~B2(대),하행 3-2
3,가락시장,E/L,외부,1,0100-027,B2(대)~지상,7번 출구측
3,경복궁,E/L,내부,1,0000-388,B3(승)~B2(대),섬식(상) 6-2
3,경복궁,E/L,외부,1,0000-719,B2(대)~지상,4번 출구측
3,경찰병원,E/L,내부,1,0099-889,B3(승)~B1(대),상행 4-2
3,경찰병원,E/L,내부,2,0099-890,B3(승)~B1(대),하행 7-3
3,경찰병원,E/L,외부,1,0099-887,B1(대)~지상,1번 출구측
3,경찰병원,E/L,외부,2,0099-888,B1(대)~지상,3번 출구측
3,고속터미널,E/L,내부,1,0033-322,B3(승)~B2(대),상행 8-2
3,고속터미널,E/L,내부,2,0033-323,B3(승)~B2(대),하행 3-3
3,고속터미널,W/L,내부,1,1900-502, B2(대)⇔B1(대),2층 대합실 중앙
3,교대,E/L,내부,1,0035-270,B3(승)~B2(대)~B1(대),섬식(상) 4-2
3,교대,W/L,내부,1,1900-627, B1(대)⇔B1(대),"B1층 2,3호선 연결 계단"
3,구파발,E/L,내부,1,0081-259,B2(승)~B1(대),섬식(상) 5-3
3,구파발,E/L,외부,1,0081-260,B1(대)~지상,1번 출구측
3,금호,E/L,내부,1,0102-309,B2(승)~B1(대),섬식(상) 3-2
3,금호,E/L,외부,1,0041-329,B1(대)~지상,2번 출구측
3,금호,E/L,외부,2,0145-645,B1(대)~지상,3번 출구측
3,남부터미널,E/L,내부,1,0101-445,B3(승)~B2(대),상행 3-2
3,남부터미널,E/L,내부,2,0101-446,B3(승)~B2(대),하행 8-2
3,남부터미널,E/L,외부,1,0093-684,B2(대)~지상,5번 출구측
3,녹번,E/L,내부,1,0102-399,B2(승)~B1(대),섬식(상) 3-1
3,녹번,E/L,외부,1,0080-695,B1(대)~지상,3번 출구측
3,녹번,E/L,외부,2,0127-909,B1(대)~지상,1번출구
3,대청,E/L,내부,1,0035-268,B3(승)~B2(대),상행 4-4
3,대청,E/L,내부,2,0035-267,B3(승)~B2(대),하행 7-1
3,대청,E/L,외부,1,0035-266,B2(대)~지상,8번 출구측
3,대치,E/L,내부,1,0033-207,B4(승)~B2(대)~B1(대),섬식(상) 1-1
3,대치,E/L,외부,1,0099-954,B1(대)~지상,7번 출구측
3,독립문,E/L,내부,1,0039-996,B3(승)~B2(대),섬식(상) 9-1
3,독립문,E/L,외부,1,0102-347,B2(대)~지상,4번 출구측
3,동대입구,E/L,내부,1,0003-046,B3(승)~B2(대),섬식(상) 3-3
3,동대입구,E/L,내부,2,0118-605,B2(대)~B1(대),
3,동대입구,E/L,외부,1,0102-299,B2(대)~지상,6번 출구측
3,매봉,E/L,내부,1,0033-324,B2(승)~B1(대),상행 5-4
3,매봉,E/L,내부,2,0033-325,B2(승)~B1(대),하행 6-1
3,매봉,E/L,외부,1,0035-269,B1(대)~지상,1번 출구측
3,무악재,E/L,내부,1,0082-061,B3(승)~B2(대),상행 3-3
3,무악재,E/L,내부,2,0082-062,B3(승)~B2(대),하행 8-2
3,무악재,E/L,외부,1,0082-063,B2(대)~지상,1번 출구측
3,불광,E/L,내부,1,0039-994,B2(승)~B1(대),상행 3-3
3,불광,E/L,내부,2,0002-833,B2(승)~B1(대),하행 8-2
3,불광,E/L,외부,1,0102-055,B1(대)~지상,1번 출구측
3,수서,E/L,내부,1,0033-206,B2(승)~B1(대),상행 8-3
3,수서,E/L,내부,2,0033-205,B2(승)~B1(대),하행 3-2
3,수서,E/L,외부,1,0033-203,B1(대)~지상,1번 출구측
3,수서,E/L,외부,2,0115-093,B1(대)~지상,5번출구
3,신사,E/L,내부,1,0049-398,B2(승)~B1(대),상행 3-1
3,신사,E/L,내부,2,0049-407,B2(승)~B1(대),하행 8-3
3,신사,E/L,외부,1,0099-799,B1(대)~지상,1번 출구측
3,신사,E/L,외부,2,0110-416,B1(대)~지상,8번 출구측
3,안국,E/L,내부,1,0000-591,B3(승)~B2(대),섬식(상) 3-2
3,안국,E/L,외부,1,0000-592,B2(대)~지상,6번 출구측
3,압구정,E/L,내부,1,0033-201,B2(승)~B1(대),상행 8-2
3,압구정,E/L,내부,2,0033-202,B2(승)~B1(대),하행 3-2
3,압구정,E/L,외부,1,0137-278,B1(대)~지상,3번 출구측
3,압구정,E/L,외부,2,0108-323,B1(대)~지상,2번 출구측
3,약수,E/L,내부,1,0102-482,B2(승)~B1(대),섬식(상) 8-4
3,약수,E/L,외부,1,0073-377,B1(대)~지상,3번 출구측
3,양재,E/L,내부,1,0099-778,B2(승)~B1(대),상행 3-1
3,양재,E/L,내부,2,0099-779,B2(승)~B1(대),하행 8-4
3,양재,E/L,외부,1,0110-414,B1(대)~지상,4번 출구측
3,양재,E/L,외부,2,0099-776,B1(대)~지상,11번 출구측
3,연신내,E/L,내부,1,0102-345,B2(승)~B1(대),섬식(상) 6-1
3,오금,E/L,내부,1,0099-955,B4(승)~B1(대),상행 5-1
3,오금,E/L,내부,2,0099-956,B4(승)~B1(대),하행 6-4
3,오금,E/L,외부,1,0099-957,B1(대)~지상,1번 출구측
3,옥수,E/L,내부,1,0074-036,F2(대)~F3(승),상행 10-1
3,옥수,E/L,내부,2,0074-037,F2(대)~F3(승),하행 1-2
3,옥수,E/L,외부,1,0040-429,지상~F2(대),4-5번출구 사이
3,을지로3가,E/L,내부,3,0040-427,B3(승)~B2(대)~B1(대),섬식(상) 6-3
3,을지로3가,E/L,외부,1,0040-428,B1(대)~지상,10번 출구측
3,일원,E/L,내부,1,0035-326,B3(승)~B2(대),상행 6-3
3,일원,E/L,내부,2,0035-327,B3(승)~B2(대),하행 5-2
3,일원,E/L,외부,1,0125-974,B2(대)~지상,1번 출구측
3,일원,E/L,외부,2,0125-975,B2(대)~지상,1번 출구측
3,잠원,E/L,내부,1,0033-321,B2(승)~B1(대),상행 3-3
3,잠원,E/L,내부,2,0035-271,B2(승)~B1(대),하행 8-2
3,잠원,E/L,외부,1,0033-320,B1(대)~지상,1번 출구측
3,종로3가,E/L,내부,1,0125-744,대합실 ⇔ 승강장,"지축방향 4-3, 오금방향 7-1"
3,종로3가,E/L,외부,1,0125-743, 대합실 ⇔ 8번출구,8번출구
3,지축,E/L,내부,1,2040-730,1F(대)~2F(승),섬식(상) 2-1
3,학여울,E/L,내부,1,0033-368,B5(승)~B4(대),상행 5-4
3,학여울,E/L,내부,2,0033-369,B5(승)~B4(대),하행 6-1
3,학여울,E/L,외부,1,0105-142,B4(대)~B2(대)~B1(대)~지상,1번 출구측
3,홍제,E/L,내부,1,0102-346,B3(승)~B2(대),섬식(상) 3-4
3,홍제,E/L,외부,1,0039-995,B2(대)~지상,4번 출구측
3,홍제,E/L,외부,2,0073-438,B1(대)~지상,1번 출구측
4,길음,E/L,내부,1,0055-620,B2(승)~B1(대),섬식(상)6-1
4,길음,E/L,외부,1,0055-621,B1(대)~지상,5번 출구측
4,길음,E/L,외부,2,0028-290,B1(대)~지상,3-4번 출구사이
4,남태령,E/L,내부,1,0099-926,B3(대)~B2(대),섬식(상) 3-3
4,남태령,E/L,내부,2,0099-927,B2(대)~B1(대),1번 출구측
4,남태령,E/L,외부,1,0099-928,B1(대)~지상,2번 출구측
4,노원,E/L,내부,1,0085-261,F2(대)~F3(승),상행 8-4
4,노원,E/L,내부,2,0085-262,F2(대)~F3(승),하행 3-1
4,노원,E/L,외부,1,0095-391,지상~F2(대),2번 출구측
4,노원,E/L,외부,2,0086-473,지상~F2(대),9번 출구측
4,당고개,E/L,내부,1,0085-251,F2(대)~F3(승),상행 6-1
4,당고개,E/L,내부,2,0085-252,F2(대)~F3(승),하행 5-4
4,당고개,E/L,외부,1,0085-253,지상~F2(대),1-4번 출구사이
4,동대문,E/L,내부,1,0000-523,B4(승)~B1(대),섬식(상)6-3
4,동대문,E/L,외부,1,0000-524,B1(대)~지상,9번 출구측
4,동대문,W/L,내부,2,1900-113,B1(대)환승통로,"1,4호선(환승통로)"
4,동대문역사문화공원,E/L,내부,4,0039-975,B3(승)~B1(대),섬식(상)4-4
4,동작,E/L,내부,1,0097-625,F2(대)~F3(승),상행 7-4
4,동작,E/L,내부,2,0031-516,F1(대)~F2(대)~F3(승),하행 4-4
4,명동,E/L,외부,1,0111-744,B1(대)~지상,1번출구
4,미아,E/L,내부,1,0085-194,B2(승)~B1(대),상행 8-2
4,미아,E/L,내부,2,0085-195,B2(승)~B1(대),하행 3-4
4,미아,E/L,외부,1,0019-374,B1(대)~지상,1-2번 출구사이
4,미아사거리,E/L,내부,1,0019-373,B2(승)~B1(대),상행 3-1
4,미아사거리,E/L,내부,2,0019-372,B2(승)~B1(대),하행 8-3
4,사당,E/L,내부,1,0097-112,B3(승)~B2(대)~B1(대),섬식(상)09-2
4,사당,E/L,외부,1,0031-517,B1(대)~지상,9-10번출구사이
4,사당,W/L,내부,2,1903-972,,"2,4호선대합실연결통로"
4,삼각지,E/L,내부,1,0051-245,B2(승)~B1(대),상행 4-3
4,삼각지,E/L,내부,2,0051-246,B2(승)~B1(대),하행 7-2
4,삼각지,E/L,외부,1,0073-386,B1(대)~지상,1-2번 출구 사이
4,삼각지,E/L,외부,2,0073-707,B1(대)~지상,5-6번 출구 사이
4,삼각지,E/L,외부,3,0136-819,B1(대)~지상,3번출구
4,상계,E/L,외부,1,0085-254,F1(지상)~F2(대),1-2번 출구측
4,상계,W/L,내부,1,1901-032,F2(대)~F3(승),상행 3-1
4,상계,W/L,내부,2,1901-033,F2(대)~F3(승),하행 8-3
4,서울,E/L,내부,1,0003-773,B2(승)~B1(대),섬식(상) 9-1
4,서울,E/L,외부,1,0040-482,B1(대)~지상,12번 출구
4,서울,W/L,외부,1,1900-165,B1(대)⇔지상,9-1번 출구 교통섬
4,성신여대입구,E/L,내부,1,0055-622,B2(승)~B1(대),상행 8-2
4,성신여대입구,E/L,내부,2,0055-623,B2(승)~B1(대),하행 3-4
4,성신여대입구,E/L,외부,1,0056-491,B1(대)~지상,2번 출구측
4,성신여대입구,E/L,외부,2,0028-003,B1(대)~지상,3번 출구측
4,수유,E/L,내부,1,0085-196,B2(승)~B1(대),상행 7-1
4,수유,E/L,내부,2,0085-197,B2(승)~B1(대),하행 4-4
4,수유,E/L,외부,1,0019-375,B1(대)~지상,1-2번 출구사이
4,숙대입구,E/L,내부,1,0003-771,B2(승)~B1(대),상행 8-1
4,숙대입구,E/L,내부,2,0003-772,B2(승)~B1(대),하행 3-3
4,숙대입구,E/L,외부,1,0102-480,B1(대)~지상,10번 출구
4,신용산,E/L,내부,1,0102-379,B1(승)~B2(대),상행 8-2
4,신용산,E/L,내부,2,0102-380,B1(승)~B2(대),하행 3-2
4,신용산,E/L,외부,1,0127-849,B2(승)~지상,1번출구
4,신용산,E/L,외부,2,0120-390,B1(대)~지상,4번출구
4,쌍문,E/L,내부,1,0085-219,B2(승)~B1(대),상행 8-4
4,쌍문,E/L,내부,2,0085-220,B2(승)~B1(대),하행 3-1
4,쌍문,E/L,외부,1,0028-002,B1(대)~지상,1번 출구측
4,이촌,E/L,내부,1,0003-769,B2(승)~B1(대),상행 8-1
4,이촌,E/L,내부,2,0003-770,B2(승)~B1(대),하행 3-3
4,이촌,E/L,외부,1,0102-381,B1(승)~지상,1번 출구측
4,이촌,E/L,외부,2,0084-010,B1(승)~지상,2번 출구측
4,이촌,W/L,외부,1,1900-286,B1(대)⇔국철,국철 연결통로
4,창동,E/L,내부,1,0125-524,F2(대)~F3(승),상행(당고개방향) 2-4
4,창동,E/L,내부,2,0125-527,F2(대)~F3(승),"상행(당고개방향) 8-2, 8-3"
4,창동,E/L,내부,3,0125-526,F2(대)~F3(승),"하행(남태령방향) 8-4, 9-1"
4,창동,E/L,내부,4,0125-525,F2(대)~F3(승),하행(남태령방향) 3-2
4,창동,E/L,외부,1,0028-004,지상~F2(대),1번 출구측
4,창동,E/L,외부,2,0028-005,지상~F2(대),2번 출구측
4,창동,W/L,내부,1,1902-457,,2번출구 1호선 연결통로
4,창동,W/L,내부,2,1902-455,,1호선 상선측 승강장
4,창동,W/L,내부,3,1902-478,,1호선 하선측 승강장
4,창동,W/L,내부,4,1902-456,,1번출구 1호선 연결통로
4,총신대입구,E/L,내부,1,0031-512,B2(승)~B1(대),상행 7-3
4,총신대입구,E/L,내부,2,0031-513,B2(승)~B1(대),하행 8-3
4,총신대입구,E/L,외부,1,0110-215,B1(대)~지상,1번 출구측
4,총신대입구,E/L,외부,2,0031-515,B1(대)~지상,14번 출구측
4,충무로,E/L,내부,1,0003-715,B3(승)~B1(대),상행 8-1
4,충무로,E/L,내부,2,0003-714,B3(승)~B1(대),하행 3-3
4,충무로,E/L,내부,3,0152-338,B4(3호선)~B2(4호선),B3 대합실
4,충무로,E/L,외부,1,0040-481,B1(대)~지상,7번 출구
4,충무로,W/L,내부,1,1902-017,,3호선승강장 - 4호선 대합실
4,한성대입구,E/L,내부,1,0055-618,B2(승)~B1(대),섬식(상)6-1
4,한성대입구,E/L,외부,1,0055-619,B1(대)~지상,3-4번 출구사이
4,한성대입구,E/L,외부,2,0095-380,B1(대)~지상,5번 출구측
4,혜화,E/L,내부,1,0000-911,B2(승)~B1(대),상행 7-4
4,혜화,E/L,내부,2,0000-910,B2(승)~B1(대),하행 3-4
4,혜화,E/L,외부,1,0000-908,B1(대)~지상,2번 출구측
4,혜화,E/L,외부,2,0000-909,B1(대)~지상,3번 출구측
4,회현,E/L,내부,1,0003-716,B4(승)~B2(대)~B1(대),섬식(상)10-1
4,회현,E/L,외부,1,0120-838,B1(대)~지상,지상도로 중앙
5,강동,E/L,내부,1,0078-217,B3-B4,하행 승강장
5,강동,E/L,외부,1,0012-496,F1-B3,1번출구
5,강동,W/L,내부,1,1900-817,B3-B4,내부
5,강동,W/L,내부,2,1901-921,B1-B3,내부
5,개롱,E/L,내부,1,0065-940,B1-B2,상행 승강장
5,개롱,E/L,내부,2,0065-910,B1-B2,하행 승강장
5,개롱,E/L,외부,1,0078-214,F1-B1,"3,4번출구"
5,개화산,E/L,외부,1,0059-336,F1-B2,1번출구
5,개화산,E/L,외부,2,0059-337,F1-B2,2번출구
5,거여,E/L,내부,1,0089-595,B1-B2,상행 승강장
5,거여,E/L,내부,2,0011-364,B1-B2,하행 승강장
5,거여,E/L,외부,1,0078-211,F1-B1,2번출구
5,고덕,E/L,내부,1,0012-583,B1-B2,상행 승강장
5,고덕,E/L,내부,2,0056-958,B1-B2,하행 승강장
5,고덕,E/L,외부,1,0077-286,F1-B1,2번출구
5,고덕,E/L,외부,2,0056-959,F1-B1,"4,5번출구"
5,공덕,E/L,내부,1,0102-136,B1-B3,승강장
5,공덕,E/L,외부,1,0102-137,F1-B1,2번출구
5,광나루,E/L,내부,1,0028-404,B2-B3,상행 승강장
5,광나루,E/L,내부,2,0028-405,B2-B3,하행 승강장
5,광나루,E/L,외부,1,0028-406,F1-B2,1번출구
5,광나루,E/L,외부,2,0093-984,F1-B1,3번출구
5,광나루,W/L,내부,1,1901-002,B1-B2,내부
5,광화문,E/L,외부,1,0000-732,F1-B2,1번출구
5,광화문,E/L,외부,2,0139-079,B2-B4,지하4층 대합실
5,광화문,W/L,내부,1,1900-104,B3-B4,내부
5,광화문,W/L,내부,2,1900-102,B2-B3,내부
5,군자,E/L,내부,1,0028-991,B1-B3,상행 승강장
5,군자,E/L,내부,2,0028-260,B1-B3,하행 승강장
5,군자,E/L,외부,1,0094-110,F1-B1,4번출구
5,굽은다리,E/L,내부,1,0011-271,B1-B2,상행 승강장
5,굽은다리,E/L,내부,2,0011-272,B1-B2,하행 승강장
5,굽은다리,E/L,외부,1,0011-273,F1-B1,2번출구
5,길동,E/L,내부,1,0008-835,B2-B3,상행 승강장
5,길동,E/L,내부,2,0008-836,B2-B3,하행 승강장
5,길동,E/L,외부,1,0077-502,B1-BM2,지하2층 대합실
5,김포공항,E/L,내부,1,0091-364,B2-B3,시점 승강장
5,김포공항,E/L,내부,2,0091-365,B2-B3,종점 승강장
5,김포공항,E/L,외부,1,0059-576,F1-B1,외부
5,까치산,E/L,외부,1,0061-703,B1-B4,지하4층 대합실
5,까치산,W/L,내부,1,1901-411,B4-B5,내부
5,까치산,W/L,내부,2,1901-412,B4-B5,내부
5,까치산,W/L,외부,1,1901-413,F1-B1,외부
5,답십리,E/L,내부,1,0104-440,B2-B3,상행 승강장
5,답십리,E/L,내부,2,0104-441,B2-B3,하행 승강장
5,답십리,E/L,외부,1,0039-063,F1-B2,2번출구
5,답십리,E/L,외부,2,0104-442,F1-B2,6번출구
5,답십리,W/L,내부,1,1900-294,B1-B1,내부
5,동대문역사문화공원,E/L,외부,1,0103-496,B1-B4,지하4층 대합실
5,동대문역사문화공원,E/L,내부,1,0113-922,B1-B5,승강장
5,동대문역사문화공원,W/L,내부,1,1900-417,B4-B5,내부
5,동대문역사문화공원,W/L,외부,1,1900-415,F1-B1,외부
5,둔촌동,E/L,내부,1,0011-274,B1-B2,상행 승강장
5,둔촌동,E/L,내부,2,0011-275,B1-B2,하행 승강장
5,둔촌동,E/L,외부,1,0008-837,F1-B1,"3,4번출구"
5,마곡,E/L,내부,1,0059-348,B1-B2,상행 승강장
5,마곡,E/L,내부,2,0059-349,B1-B2,하행 승강장
5,마곡,E/L,외부,1,0059-350,F1-B1,1번출구
5,마곡,E/L,외부,2,0115-890,F1-B1,"6,7번출구"
5,마곡,E/L,외부,3,0144-531,F1-B1,3번출구
5,마곡,E/L,외부,4,0144-546,F1-B1,"4,5번출구"
5,마장,E/L,내부,1,0103-825,B2-B3,상행 승강장
5,마장,E/L,내부,2,0103-826,B2-B3,하행 승강장
5,마장,E/L,외부,1,0124-543,B2-1F,2번출구
5,마천,E/L,내부,1,0009-741,B1-B4,승강장
5,마천,E/L,외부,1,0155-881,B1-B4,대합실
5,마천,W/L,내부,1,1900-759,B1-B2,내부
5,마천,W/L,내부,2,1900-758,B1-B2,내부
5,마천,W/L,외부,1,1900-757,F1-B1,외부
5,마포,E/L,내부,1,0040-716,B1-B5,승강장
5,마포,E/L,외부,1,0040-717,F1-B1,2번출구
5,명일,E/L,내부,1,0008-833,B1-B2,상행 승강장
5,명일,E/L,내부,2,0008-834,B1-B2,하행 승강장
5,명일,E/L,외부,1,0089-691,F1-B1,3번출구
5,목동,E/L,내부,1,0059-308,B1-B2,시점 승강장
5,목동,E/L,내부,2,0059-309,B1-B2,종점 승강장
5,목동,E/L,외부,1,0031-394,F1-B1,5번출구
5,발산,E/L,내부,1,0097-201,B1-B2,시점 승강장
5,발산,E/L,내부,2,0097-202,B1-B2,종점 승강장
5,발산,E/L,외부,1,0097-203,F1-B1,7번출구
5,방이,E/L,내부,1,0087-288,B1-B2,상행 승강장
5,방이,E/L,내부,2,0087-289,B1-B2,하행 승강장
5,방이,E/L,외부,1,0087-214,F1-B1,3번출구
5,방이,E/L,외부,2,0088-071,F1-B1,1번출구
5,방화,E/L,내부,1,0097-206,B1-B2,시점 승강장
5,방화,E/L,내부,2,0097-207,B1-B2,시점 승강장
5,방화,E/L,외부,1,0031-396,F1-B1,"1,2번출구 사이"
5,상일동,E/L,외부,1,0137-763,F1-B2,1번출구
5,상일동,E/L,외부,1,0137-764,F1-B2,3번출구
5,상일동,E/L,외부,3,0148-849,B1-F1,5번출구
5,상일동,E/L,외부,4,0148-785,F1-B2,8번출구
5,상일동,W/L,내부,1,1901-918,B1-B2,내부
5,상일동,W/L,내부,2,1901-919,B1-B2,내부
5,서대문,E/L,내부,1,0000-441,B1-B4,승강장
5,서대문,E/L,외부,1,0000-442,F1-B1,2번출구
5,서대문,E/L,외부,2,0000-443,F1-BM1,6번출구
5,서대문,W/L,내부,1,1900-038,B1-B1,내부
5,송정,E/L,내부,1,0097-632,B2-B3,상행 승강장
5,송정,E/L,내부,2,0097-633,B2-B3,하행 승강장
5,송정,E/L,외부,1,0097-634,F1-B2,2번출구
5,송정,E/L,외부,2,0097-635,F1-B1,3번출구
5,신금호,E/L,내부,1,0102-334,B2-B8,승강장
5,신금호,E/L,내부,2,0102-335,B2-B8,승강장
5,신금호,E/L,외부,1,0102-619,F1-B2,2번출구
5,신길,E/L,내부,1,0031-300,B3-B4,시점 승강장
5,신길,E/L,내부,2,0031-312,B3-B4,종점 승강장
5,신길,E/L,외부,1,0031-311,F1-B2,3번출구
5,신길,E/L,내부,1,0109-789,B3-B4,승강장
5,신길,E/L,내부,2,0140-313,B3-B4,승강장
5,신길,E/L,내부,3,0143-173,B1-B3,환승통로
5,신길,W/L,내부,1,1903-922,B3-B4,내부
5,신길,W/L,내부,2,1903-924,B1-B3,내부
5,신정,E/L,내부,1,0097-211,B2-B3,상행 승강장
5,신정,E/L,내부,2,0097-212,B2-B3,하행 승강장
5,아차산,E/L,내부,1,0027-016,B1-B3,상행 승강장
5,아차산,E/L,내부,2,0028-339,B1-B3,하행 승강장
5,아차산,E/L,외부,1,0094-109,F1-B1,4번출구
5,애오개,E/L,내부,1,0102-183,B3-B4,시점 승강장
5,애오개,E/L,내부,2,0102-184,B3-B4,종점 승강장
5,애오개,E/L,외부,1,0102-185,B1-B3,지하3층 대합실
5,애오개,E/L,외부,2,0040-267,F1-B1,2번출구
5,애오개,E/L,외부,3,0051-370,F1-B1,3번출구
5,양평,E/L,내부,1,0059-371,B1-B5,시점 승강장
5,양평,E/L,내부,2,0059-372,B4-B5,종점 승강장
5,양평,E/L,외부,1,0097-663,F1-B1,2번출구
5,여의나루,E/L,내부,1,0097-671,B1-B5,승강장
5,여의나루,E/L,외부,1,0097-673,BM1-B1,지하2층 대합실
5,여의나루,E/L,외부,2,0097-672,F1-BM1,4번출구
5,여의도,E/L,내부,1,0058-165,B1-B4,시점 승강장
5,여의도,E/L,내부,2,0021-285,B1-B4,종점 승강장
5,영등포구청,E/L,내부,3,0097-661,F1-B5,시점 승강장
5,영등포구청,E/L,내부,4,0097-662,B4-B5,종점 승강장
5,영등포구청,E/L,내부,5,0109-790,B4-B5,승강장
5,영등포구청,E/L,내부,6,0149-121,B4-B5,승강장
5,영등포구청,W/L,내부,1,1901-374,B4-B5,내부
5,영등포구청,W/L,내부,2,1901-375,B2-B4,내부
5,영등포시장,E/L,내부,1,0059-374,B5-B6,시점 승강장
5,영등포시장,E/L,내부,2,0059-373,B1-B6,종점 승강장
5,영등포시장,E/L,외부,3,0148-101,B1-F1,2번출구
5,오금,E/L,내부,3,0011-361,B1-B2,상행 승강장
5,오금,E/L,내부,4,0011-362,B1-B2,하행 승강장
5,오금,E/L,내부,5,0078-506,B2-B3,상행 승강장
5,오금,E/L,내부,6,0078-507,B2-B3,하행 승강장
5,오금,E/L,외부,2,0078-508,F1-B1,5번출구
5,오목교,E/L,내부,1,0059-198,B1-B3,시점 승강장
5,오목교,E/L,내부,2,0058-164,B1-B3,종점 승강장
5,오목교,E/L,외부,1,0059-199,F1-B1,7번출구
5,올림픽공원,E/L,내부,1,0077-287,B2-B3,상행 승강장
5,올림픽공원,E/L,내부,2,0077-288,B2-B3,하행 승강장
5,올림픽공원,E/L,외부,1,0087-506,F1-B2,2번출구
5,왕십리,E/L,외부,1,2133-670,F1-B4,4번출구
5,왕십리,E/L,내부,3,0103-813,B4-B5,상행 승강장
5,왕십리,E/L,내부,4,0103-814,B4-B5,하행 승강장
5,우장산,E/L,내부,1,0059-338,B1-B2,시점 승강장
5,우장산,E/L,내부,2,0059-339,B1-B2,종점 승강장
5,우장산,E/L,외부,1,0059-340,F1-B1,1번출구
5,을지로4가,E/L,내부,3,0113-923,B1-B5,승강장
5,장한평,E/L,내부,1,0028-329,B2-B3,승강장
5,장한평,E/L,외부,1,0028-330,F1-B2,"7,8번출구"
5,장한평,E/L,외부,2,0084-228,F1-B2,1번출구
5,장한평,W/L,내부,1,1903-443,B1-B2,내부
5,종로3가,E/L,외부,1,0114-148,B1-B4,지하4층 대합실
5,종로3가,W/L,내부,1,1900-031,B4-B5,내부
5,천호,E/L,외부,1,0066-068,F1-BM1,"6,7번출구"
5,천호,E/L,내부,1,0045-888,B1-B3,상행 승강장
5,천호,E/L,내부,2,0112-626,B2-B3,상행 승강장
5,천호,E/L,내부,3,0075-646,B2-B3,하행 승강장
5,충정로,E/L,내부,2,0040-426,B1-B5,승강장
5,충정로,E/L,외부,2,0102-186,F1-B1,8번출구
5,행당,E/L,내부,1,0103-811,B3-B5,상행 승강장
5,행당,E/L,내부,2,0103-812,B4-B5,하행 승강장
5,행당,E/L,외부,1,0040-489,F1-B3,3번출구
5,화곡,E/L,내부,1,0073-248,B1-B2,승강장
5,화곡,E/L,외부,1,0031-395,F1-B1,"1,2번출구"
6,고려대,E/L,내부,1,0019-339,B1-B4,상행 승강장
6,고려대,E/L,내부,2,0053-247,B1-B4,하행 승강장
6,고려대,E/L,외부,1,0019-340,F1-B1,1번출구
6,고려대,E/L,외부,2,0053-248,F1-B1,"3,4번출구"
6,공덕,E/L,내부,2,0015-040,B1-B2,시점 승강장
6,공덕,E/L,내부,3,0004-354,B1-B2,종점 승강장
6,공덕,E/L,외부,2,0004-355,F1-B1,5번출구
6,공덕,E/L,내부,4,0104-290,B2-B3,환승통로
6,공덕,E/L,내부,5,0104-340,B2-B3,환승통로
6,공덕,W/L,내부,1,1900-256,B1-B2,내부
6,광흥창,E/L,외부,1,0039-039,F1-B2,1번출구
6,광흥창,E/L,내부,1,0039-040,B2-B3,승강장
6,광흥창,E/L,외부,2,0007-065,F1-B1,4번출구
6,광흥창,W/L,내부,1,1902-001,B2-B3,내부
6,구산,E/L,외부,1,0040-487,F1-B1,4번출구
6,구산,W/L,내부,1,1900-435,B2-B3,내부
6,녹사평,E/L,내부,1,0082-691,B4-B5,승강장
6,녹사평,E/L,외부,1,0082-692,B2-B4,지하4층 대합실
6,녹사평,E/L,외부,2,0082-693,F1-B2,1번출구
6,대흥,E/L,내부,1,0042-659,B2-B3,승강장
6,대흥,E/L,외부,1,0104-289,B1-B2,지하2층 대합실
6,대흥,W/L,외부,1,1900-447,F1-B1,외부
6,독바위,E/L,내부,1,0040-274,B1-B6,승강장
6,독바위,E/L,외부,1,0042-697,F1-B1,1번출구
6,돌곶이,E/L,내부,1,0054-295,B1-B2,상행 승강장
6,돌곶이,E/L,내부,2,0054-296,B1-B2,하행 승강장
6,돌곶이,E/L,외부,1,0044-225,F1-B1,3번출구
6,동묘앞,E/L,내부,6,0000-962,B2-B3,승강장
6,동묘앞,E/L,내부,7,0000-963,B2-B3,승강장
6,동묘앞,W/L,내부,1,1900-043,B1-B2,내부
6,동묘앞,W/L,외부,1,1900-044,F1-B1,외부
6,디지털미디어시티,E/L,내부,1,0102-251,B1-B2,상행 승강장
6,디지털미디어시티,E/L,내부,2,0102-252,B1-B2,하행 승강장
6,디지털미디어시티,E/L,외부,1,0102-253,F1-B1,4번출구
6,디지털미디어시티,W/L,내부,1,1900-229,B2-B3,내부
6,디지털미디어시티,W/L,내부,2,1900-230,B3-B3,내부
6,디지털미디어시티,W/L,외부,1,1900-432,F1-B2,외부
6,마포구청,E/L,내부,1,0007-233,B2-B3,상행 승강장
6,마포구청,E/L,내부,2,0007-234,B2-B3,하행 승강장
6,마포구청,E/L,외부,1,0015-263,F1-B2,8번출구
6,마포구청,E/L,외부,2,0070-790,F1-B2,2번출구
6,마포구청,W/L,내부,1,1900-249,B2-B3,내부
6,마포구청,W/L,내부,2,1900-410,B2-B3,내부
6,마포구청,W/L,내부,3,1900-411,B1-B2,내부
6,마포구청,W/L,외부,1,1900-412,F1-B1,외부
6,망원,E/L,내부,1,0040-055,B1-B2,상행 승강장
6,망원,E/L,내부,2,0040-054,F1-B2,하행 승강장
6,버티고개,E/L,내부,1,0102-205,B3-B4,상행 승강장
6,버티고개,E/L,내부,2,0102-097,B3-B4,하행 승강장
6,버티고개,E/L,외부,1,0102-203,B2-B3,지하3층 대합실
6,버티고개,E/L,외부,2,0102-204,B1-B2,지하2층 대합실
6,버티고개,E/L,외부,3,0041-895,F1-B1,2번출구
6,보문,E/L,내부,1,0049-838,B2-B3,승강장
6,봉화산,E/L,외부,1,0054-819,F1-B1,2번출구
6,봉화산,E/L,외부,2,0094-606,F1-B1,4번출구
6,봉화산,W/L,내부,1,1903-412,B1-B2,내부
6,봉화산,W/L,내부,2,1903-413,B1-B2,내부
6,불광,E/L,내부,3,0039-061,B1-B4,시점 승강장
6,불광,E/L,내부,4,0039-062,B1-B4,종점 승강장
6,불광,E/L,외부,2,0042-691,F1-B1,8번출구
6,불광,W/L,내부,1,1900-413,B1-B2,내부
6,불광,W/L,내부,2,1900-414,B1-B2,내부
6,삼각지,E/L,내부,3,0041-719,B3-B4,승강장
6,삼각지,E/L,내부,4,0041-875,B3-B4,승강장
6,삼각지,E/L,외부,4,0104-720,F1-B3,8번출구
6,삼각지,E/L,외부,5,0041-877,F1-B3,12번출구
6,삼각지,E/L,외부,6,0103-579,B3-B4,환승통로
6,삼각지,W/L,내부,1,1900-246,B1-B4,내부
6,삼각지,W/L,내부,2,1900-248,F1-B1,내부
6,상수,E/L,내부,1,0102-308,B2-B3,승강장
6,상수,E/L,외부,1,0143-822,F1-B1,지하1층 대합실
6,상수,E/L,외부,2,0150-002,B2-B1,지하2층 대합실
6,상수,W/L,내부,1,1900-272,B1-B2,내부
6,상월곡,E/L,외부,1,0027-999,F1-B2,4번출구
6,상월곡,W/L,내부,1,1903-486,B2-B3,내부
6,상월곡,W/L,내부,2,1903-487,B2-B3,내부
6,새절,E/L,내부,1,0042-689,B1-B2,상행 승강장
6,새절,E/L,외부,1,0042-690,F1-B1,1번출구
6,새절,W/L,내부,1,1900-434,B1-B2,내부
6,석계,E/L,내부,1,0057-328,B2-B3,상행 승강장
6,석계,E/L,내부,2,0055-103,B2-B3,하행 승강장
6,석계,E/L,외부,1,0057-329,F1-B2,1번출구
6,석계,E/L,외부,2,0055-102,F1-B2,4번출구
6,석계,W/L,내부,1,1901-003,B2-B3,내부
6,석계,W/L,내부,2,1901-004,B2-B3,내부
6,신내,E/L,내부,1,0136-697,F1-F2,상행 승강장
6,신당,E/L,내부,3,0103-494,B1-B3,승강장
6,신당,E/L,외부,1,0089-055,B1-F1,11번출구
6,신당,W/L,내부,1,1900-251,B1-B2,내부
6,신당,W/L,내부,2,1900-252,BM1-B1,내부
6,신당,W/L,내부,3,1900-254,B1-B2,내부
6,신당,W/L,내부,4,1900-253,B1-B2,내부
6,신당,W/L,외부,1,1900-285,F1-B1,외부
6,안암,E/L,내부,1,0028-813,B2-B3,상행 승강장
6,안암,E/L,내부,2,0028-814,B2-B3,하행 승강장
6,안암,E/L,외부,1,0028-815,F1-B2,1번출구
6,약수,E/L,내부,2,0103-977,B2-B3,상행 승강장
6,약수,E/L,내부,3,0103-978,B2-B3,하행 승강장
6,약수,E/L,내부,4,0103-979,B1-B3,상행 승강장
6,약수,E/L,외부,2,0113-921 ,B1-B2,지하1층 대합실
6,역촌,E/L,내부,1,0104-827,B1-B4,승강장
6,역촌,E/L,외부,1,0042-692,F1-B1,고객상담실 앞
6,연신내,E/L,내부,2,0102-709,B1-B5,승강장
6,연신내,E/L,외부,1,0102-710,F1-B1,6번출구
6,월곡,E/L,내부,1,0044-187,B2-B3,상행 승강장
6,월곡,E/L,내부,2,0044-188,B2-B3,하행 승강장
6,월곡,E/L,외부,1,0028-819,F1-B2,"1,5번출구 사이"
6,월곡,W/L,내부,1,1901-031,B1-B2,내부
6,월드컵경기장,E/L,내부,1,0104-771,B2-B3,상행 승강장
6,월드컵경기장,E/L,내부,2,0104-772,B2-B3,하행 승강장
6,월드컵경기장,E/L,외부,1,0104-773,F1-B2,2번출구
6,응암,E/L,내부,1,0040-053,B1-B2,승강장
6,응암,E/L,외부,1,0073-334,F1-B1,지하2층 대합실
6,이태원,E/L,내부,1,0103-976,B1-B5,승강장
6,이태원,E/L,외부,1,0040-056,F1-B1,2번출구
6,증산,E/L,내부,1,0042-852,B1-B2,상행 승강장
6,증산,E/L,내부,2,0042-853,B1-B2,하행 승강장
6,증산,E/L,외부,1,0042-854,F1-B1,2번출구
6,창신,E/L,내부,1,0002-280,B1-B4,승강장
6,창신,E/L,외부,1,0000-959,F1-B1,"3,4번출구"
6,창신,E/L,외부,2,0125-798,F1-B1,2번출구
6,청구,E/L,내부,1,0104-443,B3-B4,승강장
6,청구,E/L,외부,1,0104-444,B1-B3,지하3층 대합실
6,청구,E/L,외부,2,0104-445,B1-B3,지하3층 대합실
6,청구,E/L,외부,3,0104-446,F1-B1,3번출구
6,청구,E/L,외부,4,0074-257,F1-B1,1번출구
6,태릉입구,E/L,내부,1,0019-107,B1-B2,상행 승강장
6,태릉입구,E/L,내부,2,0015-897,B1-B2,하행 승강장
6,태릉입구,E/L,외부,1,0015-898,F1-B1,8번출구
6,태릉입구,E/L,외부,2,0113-359,F1-B1,6번출구
6,한강진,E/L,내부,1,0102-206,B3-B4,상행 승강장
6,한강진,E/L,내부,2,0102-207,B1-B4,하행 승강장
6,한강진,E/L,외부,1,0041-868,F1-B1,3번출구
6,합정,E/L,내부,3,0039-041,B1-B4,상행 승강장
6,합정,E/L,내부,4,0039-042,B3-B4,하행 승강장
6,합정,E/L,외부,3,0039-043,F1-B1,6번출구
6,합정,E/L,외부,4,0005-870,F1-B1,9번출구
6,합정,E/L,외부,5,0108-823,F1-B1,8-1번출구
6,합정,W/L,내부,1,1903-890,B2-B3,내부
6,화랑대,E/L,내부,1,0057-151,B1-B2,상행 승강장
6,화랑대,E/L,내부,2,0057-152,B1-B2,하행 승강장
6,화랑대,E/L,외부,1,0057-153,F1-B1,1번출구
6,화랑대,E/L,외부,2,0094-425,F1-B1,7번출구
6,효창공원앞,E/L,내부,1,0042-657,B2-B3,승강장
6,효창공원앞,E/L,외부,1,0042-658,B1-B2,지하2층 대합실
6,효창공원앞,W/L,외부,2,1900-407,F1-B1,외부
7,가산디지털단지,E/L,내부,1,0021-021,B2-B3-B4,상행 승강장
7,가산디지털단지,E/L,내부,2,0021-022,B2-B3-B4,하행 승강장
7,가산디지털단지,E/L,내부,3,0021-023,B1-B2,지하2층 대합실
7,가산디지털단지,E/L,외부,1,0021-024,F1-B1,6번출구
7,가산디지털단지,W/L,내부,1,1901-091,B1-B1,내부
7,가산디지털단지,W/L,내부,2,1901-092,BM1-B1,내부
7,가산디지털단지,W/L,내부,3,1901-093,환F2-B1,내부
7,가산디지털단지,W/L,내부,4,1901-094,환F2-B1,내부
7,강남구청,E/L,내부,1,0011-097,B2-B3,상행 승강장
7,강남구청,E/L,내부,2,0011-098,B2-B3,하행 승강장
7,강남구청,W/L,내부,1,1901-555,B1-B2,내부
7,건대입구,E/L,내부,2,0132-928,B2-B3,상행 승강장
7,건대입구,E/L,내부,3,0132-929,B2-B3,하행 승강장
7,건대입구,W/L,외부,1,1902-289,환F2-B1,외부
7,건대입구,W/L,내부,1,1901-957,B1-B2,내부
7,건대입구,W/L,외부,2,1901-956,F1-B1,외부
7,고속터미널,E/L,내부,3,0009-821,B2-B3,상행 승강장
7,고속터미널,E/L,내부,4,0009-822,B2-B3,하행 승강장
7,고속터미널,W/L,내부,2,1901-785,B1-B3,내부
7,고속터미널,W/L,내부,3,1900-764,B2-B3,내부
7,고속터미널,W/L,내부,4,1900-765,FM1-B1,내부
7,고속터미널,W/L,내부,5,1900-766,FM1-B1,내부
7,공릉,E/L,내부,1,0015-705,B2-B4,상행 승강장
7,공릉,E/L,내부,2,0015-706,B1-B4,하행 승강장
7,공릉,E/L,외부,1,0015-998,F1-B1,2번출구
7,광명사거리,E/L,내부,1,2026-444,B2-B3,하행 승강장
7,광명사거리,E/L,외부,1,2117-998,F1-B2,2번출구
7,광명사거리,W/L,내부,1,3903-261,B2-B3,내부
7,군자,E/L,외부,2,0094-111,F1-B1,7번출구
7,남구로,W/L,내부,1,1901-117,B5-B4,내부
7,남구로,W/L,내부,2,1901-118,B5-B4,내부
7,남구로,W/L,내부,3,1901-119,B5-B4,내부
7,남구로,W/L,내부,4,1901-120,B5-B4,내부
7,남구로,W/L,내부,5,1901-121,B4-B2,내부
7,남구로,W/L,내부,6,1901-122,B4-B2,내부
7,남구로,W/L,내부,7,1901-123,BM1-B1,내부
7,남구로,W/L,외부,1,1901-124,F1-BM1,외부
7,남구로,W/L,내부,8,1901-125,B1-B2,내부
7,남구로,W/L,내부,9,1901-126,BM1-B1,내부
7,남구로,W/L,외부,2,1901-127,F1-B1,외부
7,남성,E/L,내부,1,0091-212,B2-B3,상행 승강장
7,남성,E/L,내부,2,0091-213,B2-B3,하행 승강장
7,남성,E/L,외부,1,0091-214,F1-B2,3번출구
7,남성,E/L,외부,2,0151-564,B3-F1,2번출구
7,내방,E/L,내부,1,0077-425,B2-B3,상행 승강장
7,내방,E/L,내부,2,0077-426,B2-B3,하행 승강장
7,내방,E/L,외부,1,0077-427,B1-B2,고객상담실 앞
7,내방,E/L,외부,2,0012-779,F1-B1,3번출구
7,내방,E/L,외부,3,0087-708,F1-B1,5번출구
7,노원,E/L,내부,3,0086-703,B1-B3,승강장
7,노원,E/L,외부,3,0018-585,F1-B1,3번출구
7,노원,E/L,외부,4,0094-686,F1-B1,6번출구
7,논현,E/L,내부,1,0057-897,B2-B3,상행 승강장
7,논현,E/L,내부,2,0057-898,B2-B3,하행 승강장
7,논현,E/L,외부,1,0012-777,F1-B2,8번출구
7,논현,W/L,내부,1,1900-831,B1-B2,내부
7,대림,E/L,내부,3,0020-631,B1-B2,상행 승강장
7,대림,E/L,내부,4,0020-632,B1-B2,하행 승강장
7,대림,E/L,외부,3,0020-633,F1-B1,10번출구
7,대림,W/L,내부,1,1901-128,환F2-B2,내부
7,도봉산,E/L,내부,1,0053-189,F2-F1,상행 승강장
7,도봉산,E/L,내부,2,0053-190,F2-F1,하행 승강장
7,도봉산,E/L,내부,3,0085-381,F2-F1,상행 승강장
7,도봉산,E/L,내부,4,0085-291,F2-F1,하행 승강장
7,도봉산,E/L,외부,1,0135-003,B1-F1,1-1번출구
7,뚝섬유원지,E/L,외부,1,0082-441,F2-F1,1번출구
7,뚝섬유원지,E/L,내부,1,0082-442,F3-F2,상행 승강장
7,뚝섬유원지,E/L,내부,2,0082-443,F3-F2,하행 승강장
7,마들,E/L,내부,1,0017-182,B1-B3,승강장
7,마들,E/L,외부,1,0053-180,F1-B1,5번출구
7,마들,E/L,외부,2,0085-028,F1-B1,4번출구
7,마들,E/L,외부,3,0085-029,F1-B1,2번출구
7,마들,W/L,내부,1,1900-923,B1-B2,내부
7,먹골,E/L,내부,1,0017-580,B2-B3,상행 승강장
7,먹골,E/L,내부,2,0017-581,B2-B3,하행 승강장
7,먹골,E/L,외부,1,0018-261,F1-B1-B2,2번출구
7,면목,E/L,내부,1,0017-577,B1-B3-B4,상행 승강장
7,면목,E/L,내부,2,0017-578,B3-B4,하행 승강장
7,면목,E/L,외부,1,0018-586,F1-B1,3번출구
7,반포,E/L,내부,1,0078-301,B2-B3,상행 승강장
7,반포,E/L,내부,2,0078-302,B2-B3,하행 승강장
7,반포,E/L,외부,1,0012-778,F1-B2,6번출구
7,반포,E/L,외부,2,0077-428,F1-B2,1번출구
7,반포,W/L,내부,1,1904-018,B1-B2,내부
7,보라매,E/L,내부,1,0021-025,B1-B2,승강장
7,보라매,E/L,외부,1,0021-026,F1-B1,6번출구
7,사가정,E/L,내부,1,0017-575,B3-B4,상행 승강장
7,사가정,E/L,내부,2,0017-576,B1-B3-B4,하행 승강장
7,사가정,E/L,외부,1,0052-631,F1-B1,3번출구
7,상도,E/L,내부,1,0021-574,B2-B3,상행 승강장
7,상도,E/L,내부,2,0021-575,B2-B3,하행 승강장
7,상도,E/L,외부,1,0021-576,F1-B2,5번 출구측
7,상봉,E/L,내부,1,0019-106,B1-B3,상행 승강장
7,상봉,E/L,내부,2,0019-351,B1-B3,하행 승강장
7,상봉,E/L,내부,3,0016-030,B2-B3,상행 승강장
7,상봉,E/L,내부,4,0016-029,B2-B3,하행 승강장
7,상봉,E/L,외부,1,0019-486,F1-B1,3번출구
7,수락산,E/L,외부,1,0053-324,F1-B2,1번출구
7,수락산,W/L,내부,1,1902-608,B2-B3,내부
7,수락산,W/L,내부,2,1902-495,B2-B3,내부
7,숭실대입구,E/L,내부,1,0060-933,B2-B6,상행 승강장
7,숭실대입구,E/L,내부,2,0060-934,B2-B6,하행 승강장
7,숭실대입구,E/L,외부,1,0060-935,F1-B2,2번출구
7,숭실대입구,E/L,외부,2,0123-429,F1-B3,3번출구
7,신대방삼거리,E/L,내부,1,0022-772,B2-B3,상행 승강장
7,신대방삼거리,E/L,내부,2,0022-773,B2-B3,하행 승강장
7,신대방삼거리,E/L,외부,1,0022-522,B1-B2,고객상담실 옆
7,신대방삼거리,E/L,외부,2,0022-774,F1-B1,3번출구
7,신풍,E/L,내부,1,0021-850,B1-B2,상행 승강장
7,신풍,E/L,내부,2,0021-851,B1-B2,하행 승강장
7,신풍,E/L,외부,1,0021-852,F1-B1,4번출구
7,신풍,E/L,외부,2,0097-451,F1-B1,5번출구
7,어린이대공원,E/L,내부,1,0007-435,B1-B3,상행 승강장
7,어린이대공원,E/L,내부,2,0082-420,B1-B3,하행 승강장
7,어린이대공원,E/L,외부,1,0007-437,F1-B1,1번출구
7,어린이대공원,E/L,외부,2,0051-898,F1-B1,5번출구
7,온수,E/L,내부,1,0021-618,B1-B2,상행 승강장
7,온수,E/L,내부,2,0021-619,B1-B2,하행 승강장
7,온수,E/L,외부,1,0021-620,F1-B1,2번출구
7,온수,W/L,내부,1,1901-072,B1-B2,내부
7,온수,W/L,내부,2,1901-073,B1-B2,내부
7,온수,W/L,외부,1,1901-074,환F1-B1,외부
7,온수,W/L,외부,2,1901-075,환F1-B1,외부
7,온수,W/L,외부,3,1901-076,F1-B1,외부
7,용마산,E/L,내부,1,0017-574,B3-B4,상행 승강장
7,용마산,E/L,내부,2,0017-573,B1-B4,하행 승강장
7,용마산,E/L,외부,1,0018-587,F2-B1,1번출구
7,이수,E/L,내부,1,0063-029,B3-B4,상행 승강장
7,이수,E/L,내부,2,0063-030,B3-B4,하행 승강장
7,이수,E/L,외부,1,0063-031,F1-B3,11번출구
7,이수,W/L,내부,1,1901-232,B2-B3,내부
7,이수,W/L,내부,2,1901-233,B2-B3,내부
7,이수,W/L,내부,3,1901-234,B1-B2,내부
7,이수,W/L,외부,1,1901-235,F1-B1,외부
7,장승배기,E/L,내부,1,0022-769,B2-B3,상행 승강장
7,장승배기,E/L,내부,2,0022-770,B2-B3,하행 승강장
7,장승배기,E/L,외부,1,0022-771,F1-B2,2번출구
7,장암,E/L,외부,1,2064-681,F2-F1,지상
7,장암,E/L,외부,2,2064-682,F2-F1,1번출구
7,중계,E/L,내부,1,0015-704,B2-B3,승강장
7,중계,E/L,외부,1,0019-485,F1-B2,5번출구
7,중계,E/L,외부,2,0015-997,F1-B2,3번출구
7,중곡,E/L,내부,1,0005-633,B2-B3,상행 승강장
7,중곡,E/L,내부,2,0005-634,B2-B3,하행 승강장
7,중곡,E/L,외부,1,0003-912,F1-B2,1번출구
7,중화,E/L,내부,1,0018-259,B1-B2-B3,상행 승강장
7,중화,E/L,내부,2,0018-260,B2-B3,하행 승강장
7,중화,E/L,외부,1,0056-268,F1-B1,3번출구
7,천왕,E/L,내부,1,0021-226,B1-B2,상행 승강장
7,천왕,E/L,내부,2,0021-227,B1-B2,하행 승강장
7,천왕,E/L,외부,1,0025-776,F1-B1,3번출구
7,천왕,E/L,외부,2,0122-484,F1-B1,2번출구
7,철산,E/L,내부,1,2026-968,B1-B2,상행 승강장
7,철산,E/L,내부,2,2026-969,B1-B2,하행 승강장
7,철산,E/L,외부,1,2026-970,F1-B1,1번출구
7,철산,E/L,외부,2,2162-470,F1-B1,4번출구
7,청담,E/L,외부,1,0056-819,F1-B3,5번출구
7,청담,E/L,외부,2,0045-844,F1-B3,10번출구
7,청담,W/L,내부,1,1901-913,B3-B4,내부
7,청담,W/L,내부,2,1901-914,B3-B4,내부
7,태릉입구,E/L,내부,3,0017-918,B1-B4,상행 승강장
7,태릉입구,E/L,내부,4,0053-181,F1-B4,하행 승강장
7,하계,E/L,내부,1,0017-579,B1-B3,승강장
7,하계,E/L,외부,1,0056-263,F1-B1,1번출구
7,하계,E/L,외부,2,0085-031,F1-B1,6번출구
7,학동,E/L,내부,1,0065-989,B2-B3,상행 승강장
7,학동,E/L,내부,2,0065-990,B2-B3,하행 승강장
7,학동,E/L,외부,1,0078-212,F1-B2,3번출구
8,가락시장,E/L,내부,3,0078-551,B1-B2,상행 승강장
8,가락시장,E/L,내부,4,0078-553,B1-B2,하행 승강장
8,가락시장,E/L,내부,5,0078-555,B2-B3,상행 승강장
8,가락시장,E/L,내부,6,0078-554,B2-B3,하행 승강장
8,가락시장,E/L,외부,2,0075-714,F1-B2,"1,2번출구"
8,가락시장,E/L,외부,3,0078-552,F1-B1,"3,4번출구"
8,강동구청,E/L,내부,1,0077-745,B2-B3,상행 승강장
8,강동구청,E/L,내부,2,0077-746,B2-B3,하행 승강장
8,강동구청,E/L,외부,1,0009-742,F1-B2,4번출구
8,남위례,E/L,외부,1,2249-470,F1-F2,출구
8,남위례,E/L,외부,2,2249-471,F1-F4,출구
8,남위례,E/L,외부,3,2249-472,F2-F3,출구
8,남한산성입구,E/L,내부,1,2022-967,B2-B3,상행 승강장
8,남한산성입구,E/L,내부,2,2231-773,F1-B3,하행 승강장
8,남한산성입구,W/L,내부,1,3903-032,B1-B2,내부
8,남한산성입구,W/L,외부,1,3903-033,F1-B1,외부
8,단대오거리,E/L,내부,1,2116-586,B1-B3,상행 승강장
8,단대오거리,E/L,내부,2,2116-587,B1-B3,하행 승강장
8,단대오거리,E/L,외부,1,2116-588,F1-B1,4번출구
8,모란,E/L,내부,1,2116-583,B1-B3,상행 승강장
8,모란,E/L,내부,2,2116-584,B2-B3,종점 승강장
8,모란,E/L,외부,1,2116-585,F1-B1,11번출구
8,모란,W/L,내부,1,3900-941,B2-B3,내부
8,모란,W/L,내부,2,3900-942,B2-B3,내부
8,몽촌토성,E/L,내부,1,0011-276,B2-B3,상행 승강장
8,몽촌토성,E/L,내부,2,0011-277,B2-B3,하행 승강장
8,몽촌토성,E/L,외부,1,0011-278,B1-B2,지하2층 대합실
8,몽촌토성,E/L,외부,2,0075-711,F1-B1,4번출구
8,문정,E/L,내부,1,0077-747,B1-B2,상행 승강장
8,문정,E/L,내부,2,0077-748,B1-B2,하행 승강장
8,문정,E/L,외부,1,0009-743,F1-B1,2번출구
8,복정,E/L,내부,1,0011-754,B1-B3,승강장
8,복정,W/L,외부,1,1900-771,F1-B1,외부
8,산성,E/L,내부,1,2024-722,B2-B3,상행 승강장
8,산성,E/L,내부,2,2024-723,B2-B3,하행 승강장
8,산성,E/L,외부,1,2024-721,B1-B2,대합실
8,산성,E/L,외부,2,2075-288,F1-B1,3번출구
8,석촌,E/L,내부,1,0075-712,B1-B2,상행 승강장
8,석촌,E/L,내부,2,0075-713,B1-B2,하행 승강장
8,석촌,E/L,외부,1,0045-887,F1-B1,1번출구
8,송파,E/L,내부,1,0087-791,B1-B2,상행 승강장
8,송파,E/L,내부,2,0087-792,B1-B2,하행 승강장
8,송파,E/L,외부,1,0046-881,F1-B1,1번출구
8,수진,E/L,내부,1,2116-589,B1-B2,상행 승강장
8,수진,E/L,내부,2,2116-590,B1-B2,하행 승강장
8,수진,E/L,외부,1,2212-625,B1-F1,3번출구
8,수진,W/L,외부,1,3903-007,F1-B1,외부
8,신흥,E/L,내부,1,2022-969,B1-B2,상행 승강장
8,신흥,E/L,내부,2,2022-970,B1-B2,하행 승강장
8,암사,E/L,내부,1,0066-066,B1-B2,시점 승강장
8,암사,E/L,내부,2,0066-067,B1-B2,하행 승강장
8,암사,E/L,외부,1,0079-858,F1-B1,3번출구
8,잠실,E/L,내부,3,0087-497,B1-B3,상행 승강장
8,잠실,E/L,내부,4,0087-498,B1-B3,하행 승강장
8,잠실,E/L,외부,3,0087-499,F1-B1,9번출구
8,잠실,E/L,외부,4,0089-900,B2-F1,10번출구
8,잠실,W/L,내부,2,1900-789,B2-B3,내부
8,잠실,W/L,내부,3,1900-790,B2-B3,내부
8,잠실,W/L,내부,4,1900-791,B1-B2,내부
8,장지,E/L,내부,1,0077-861,B1-B2,상행 승강장
8,장지,E/L,내부,2,0077-862,B1-B2,하행 승강장
8,장지,E/L,외부,1,0009-744,F1-B1,1번출구
8,장지,E/L,외부,2,0077-876,F1-B1,3번출구
8,천호,E/L,내부,4,0077-988,B1-B2,상행 승강장
8,천호,E/L,내부,5,0077-989,B1-B2,하행 승강장
8,천호,W/L,내부,1,1900-785,B2-B3,내부
8,천호,W/L,내부,2,1900-786,B2-B3,내부
8,천호,W/L,내부,3,1900-787,B2-B3,내부
8,천호,W/L,내부,4,1900-788,B2-B3,내부
5,강일,E/L,내부,1,0140-721,B3-B2,상행 승강장
5,강일,E/L,내부,2,0140-722,B3-B2,상행 승강장
5,강일,E/L,내부,3,0140-723,B3-B1,하행 승강장
5,강일,E/L,내부,4,0140-724,B3-B1,하행 승강장
5,강일,E/L,외부,1,0140-807,B2-1F,1번출구
5,강일,E/L,외부,2,0140-808,B2-1F,3번출구
5,강일,E/L,외부,3,0140-809,B2-1F,4번출구
5,미사,E/L,내부,1,2231-268,B2-B1,상행 승강장
5,미사,E/L,내부,2,2231-269,B2-B1,하행 승강장
5,미사,E/L,외부,1,2231-270,B1-F1,1번출구
5,미사,E/L,외부,2,2231-271,B1-F1,6번출구
5,하남검단산,E/L,외부,1,2231-985,B3-B1,대합실
5,하남검단산,E/L,외부,2,2231-986,B3-B1,대합실
5,하남검단산,E/L,외부,3,2231-987,B1-F1,1번출구
5,하남검단산,E/L,외부,4,2231-988,B1-F1,3번출구
5,하남시청,E/L,외부,1,2234-916,B3-B2,대합실
5,하남시청,E/L,외부,2,2234-917,B3-B2,대합실
5,하남시청,E/L,외부,3,2234-918,B2-1F,3번출구
5,하남시청,E/L,외부,4,2234-919,B2-1F,5번출구
5,하남풍산,E/L,내부,1,2229-180,B2-B1,상행 승강장
5,하남풍산,E/L,내부,2,2229-179,B2-B1,하행 승강장
5,하남풍산,E/L,외부,1,2229-181,B1-F1,1번출구
5,하남풍산,E/L,외부,2,2229-182,B1-F1,5번출구
5,하남풍산,E/L,외부,3,2229-183,B1-F1,7번출구
